"A4","B4","C4","D4","E4","F4","G4","H4","I4","J4","K4","L4","M4","N4","O3","P4","Q4","R4","S4","T4","U4","V4","W4","X4","Y4","Z4","AA4","AB4","AC4","AD4","AE4","AF4","AG4","AH4","AI4","AJ4"
"A4","B4","C4","D3","E3","F4","G4","H4","I4","J4","K4","L4","M4","N4","O4","P4","Q4","R3","S4","T4","U4","V4","W4","X4","Y4","Z4","AA4","AB4","AC4","AD4","AE4","AF4","AG4","AH4","AI4","AJ4"
"A4","B4","C4","D4","E3","F3","G4","H4","I4","J4","K4","L4","M4","N4","O3","P4","Q4","R4","S4","T4","U4","V4","W4","X4","Y4","Z4","AA4","AB4","AC4","AD4","AE2","AF4","AG4","AH4","AI4","AJ4"
"A4","B4","C3","D4","E3","F4","G4","H4","I4","J4","K4","L4","M4","N4","O3","P4","Q4","R4","S4","T3","U4","V4","W4","X4","Y4","Z4","AA4","AB4","AC4","AD4","AE3","AF4","AG4","AH4","AI4","AJ4"
"A3","B4","C4","D4","E4","F4","G4","H4","I4","J4","K4","L4","M4","N4","O3","P4","Q4","R4","S4","T4","U4","V4","W4","X4","Y3","Z4","AA4","AB4","AC4","AD4","AE3","AF4","AG4","AH3","AI4","AJ4"
"A4","B4","C4","D4","E3","F4","G4","H4","I4","J4","K4","L4","M4","N4","O3","P4","Q4","R4","S4","T4","U4","V4","W4","X3","Y2","Z4","AA4","AB4","AC4","AD4","AE4","AF4","AG4","AH4","AI4","AJ4"
"A4","B4","C3","D3","E4","F4","G4","H4","I4","J4","K4","L3","M4","N4","O3","P4","Q2","R4","S4","T4","U4","V4","W4","X4","Y4","Z4","AA4","AB4","AC4","AD4","AE4","AF4","AG4","AH4","AI4","AJ4"
"A4","B4","C4","D4","E3","F4","G3","H4","I4","J3","K4","L4","M4","N4","O3","P4","Q4","R4","S4","T3","U4","V4","W4","X4","Y4","Z3","AA4","AB4","AC3","AD4","AE4","AF4","AG4","AH4","AI4","AJ4"
"A4","B4","C4","D4","E4","F4","G4","H4","I4","J4","K4","L4","M4","N4","O4","P4","Q4","R3","S4","T3","U4","V4","W4","X4","Y4","Z4","AA4","AB4","AC4","AD4","AE3","AF4","AG4","AH4","AI4","AJ4"
"A4","B4","C4","D4","E3","F3","G4","H4","I4","J4","K4","L2","M4","N3","O4","P4","Q4","R3","S4","T3","U3","V4","W4","X4","Y4","Z4","AA4","AB4","AC4","AD4","AE3","AF4","AG4","AH4","AI4","AJ3"
"A4","B4","C4","D4","E3","F4","G3","H4","I4","J4","K4","L3","M4","N4","O3","P4","Q4","R3","S4","T4","U4","V4","W4","X4","Y4","Z3","AA4","AB4","AC4","AD4","AE3","AF3","AG4","AH4","AI4","AJ3"
"A4","B4","C4","D4","E4","F4","G4","H3","I4","J4","K3","L4","M4","N4","O2","P4","Q4","R3","S4","T3","U4","V3","W4","X2","Y4","Z4","AA4","AB4","AC4","AD4","AE3","AF4","AG4","AH4","AI4","AJ4"
"A4","B4","C4","D4","E4","F4","G4","H4","I4","J4","K4","L4","M4","N4","O3","P4","Q4","R3","S4","T4","U4","V4","W4","X3","Y3","Z4","AA4","AB4","AC4","AD4","AE1","AF4","AG4","AH4","AI4","AJ4"
"A4","B4","C4","D4","E3","F3","G4","H4","I4","J4","K4","L4","M4","N4","O3","P4","Q4","R3","S4","T3","U4","V4","W4","X4","Y3","Z3","AA4","AB4","AC4","AD4","AE2","AF4","AG4","AH4","AI4","AJ4"
"A4","B4","C4","D4","E3","F4","G4","H4","I4","J4","K4","L4","M4","N3","O4","P4","Q4","R3","S4","T4","U3","V4","W4","X2","Y3","Z4","AA4","AB4","AC3","AD4","AE3","AF3","AG4","AH4","AI4","AJ4"
"A4","B4","C4","D3","E3","F3","G4","H4","I4","J4","K4","L3","M4","N3","O3","P4","Q3","R3","S4","T3","U4","V3","W4","X3","Y4","Z4","AA4","AB4","AC4","AD4","AE2","AF4","AG4","AH4","AI4","AJ4"
"A3","B4","C4","D4","E3","F4","G3","H4","I4","J4","K4","L4","M4","N4","O4","P4","Q4","R3","S4","T4","U4","V3","W4","X4","Y3","Z4","AA4","AB4","AC3","AD4","AE4","AF4","AG3","AH2","AI4","AJ3"
"A4","B4","C4","D4","E4","F4","G4","H4","I4","J4","K4","L4","M4","N4","O3","P4","Q4","R3","S4","T4","U3","V4","W3","X3","Y3","Z4","AA4","AB4","AC2","AD4","AE4","AF4","AG4","AH4","AI3","AJ3"
"A4","B4","C3","D3","E3","F3","G3","H4","I3","J3","K4","L3","M4","N4","O3","P4","Q4","R4","S4","T3","U4","V4","W4","X3","Y4","Z4","AA4","AB4","AC4","AD4","AE3","AF4","AG4","AH4","AI4","AJ4"
"A3","B4","C4","D3","E4","F4","G3","H3","I4","J4","K4","L4","M4","N4","O4","P4","Q4","R3","S4","T4","U4","V4","W4","X3","Y2","Z4","AA4","AB4","AC3","AD4","AE3","AF4","AG3","AH4","AI3","AJ3"
"A3","B4","C4","D4","E3","F4","G4","H4","I3","J4","K4","L3","M4","N3","O3","P4","Q3","R4","S4","T3","U4","V3","W4","X3","Y3","Z4","AA4","AB4","AC4","AD4","AE3","AF4","AG4","AH4","AI4","AJ4"
"A3","B3","C4","D3","E2","F3","G3","H3","I3","J4","K4","L4","M4","N3","O2","P4","Q2","R4","S4","T4","U4","V4","W4","X3","Y4","Z4","AA4","AB3","AC4","AD4","AE2","AF3","AG4","AH4","AI4","AJ4"
"A4","B3","C4","D4","E4","F4","G3","H3","I4","J4","K4","L4","M4","N4","O4","P4","Q3","R3","S4","T4","U4","V4","W4","X2","Y3","Z4","AA4","AB2","AC4","AD4","AE4","AF3","AG4","AH4","AI3","AJ4"
"A4","B4","C3","D2","E2","F2","G3","H4","I4","J4","K4","L4","M4","N4","O3","P4","Q4","R3","S4","T3","U4","V4","W4","X4","Y4","Z4","AA4","AB4","AC4","AD4","AE3","AF3","AG4","AH4","AI4","AJ4"
"A3","B4","C4","D4","E4","F3","G4","H3","I4","J4","K4","L4","M4","N3","O2","P4","Q4","R2","S4","T4","U4","V3","W2","X2","Y4","Z4","AA4","AB2","AC3","AD4","AE2","AF4","AG4","AH4","AI4","AJ4"
"A3","B3","C4","D2","E3","F3","G4","H4","I4","J4","K4","L3","M4","N3","O3","P4","Q4","R2","S4","T4","U4","V4","W4","X4","Y4","Z4","AA3","AB4","AC2","AD4","AE4","AF4","AG4","AH4","AI4","AJ3"
"A3","B4","C4","D3","E4","F4","G3","H4","I4","J4","K4","L2","M4","N3","O4","P4","Q3","R3","S4","T3","U4","V4","W4","X3","Y4","Z4","AA4","AB4","AC4","AD4","AE2","AF4","AG4","AH4","AI3","AJ4"
"A3","B4","C3","D3","E3","F2","G4","H3","I4","J3","K4","L4","M4","N3","O2","P4","Q4","R3","S4","T4","U4","V4","W4","X3","Y3","Z4","AA4","AB3","AC3","AD4","AE4","AF4","AG4","AH4","AI4","AJ3"
"A4","B4","C4","D3","E3","F3","G4","H4","I4","J4","K3","L4","M3","N3","O2","P4","Q4","R3","S2","T4","U4","V4","W4","X4","Y4","Z4","AA4","AB4","AC2","AD4","AE4","AF4","AG3","AH4","AI4","AJ3"
"A4","B3","C3","D4","E3","F4","G3","H4","I3","J4","K3","L3","M3","N2","O3","P4","Q3","R4","S4","T4","U4","V4","W4","X4","Y4","Z4","AA4","AB4","AC4","AD4","AE2","AF4","AG3","AH4","AI4","AJ4"
"A3","B4","C2","D3","E2","F3","G3","H4","I4","J4","K4","L3","M4","N2","O3","P4","Q4","R4","S4","T3","U3","V4","W4","X4","Y4","Z4","AA4","AB4","AC2","AD4","AE4","AF4","AG3","AH4","AI4","AJ4"
"A4","B4","C4","D4","E3","F4","G3","H4","I3","J4","K4","L2","M3","N4","O4","P4","Q4","R4","S4","T4","U4","V4","W4","X3","Y3","Z4","AA4","AB2","AC2","AD4","AE2","AF4","AG4","AH4","AI4","AJ3"
"A4","B4","C3","D2","E3","F4","G3","H3","I3","J4","K4","L3","M4","N3","O2","P4","Q3","R3","S3","T4","U4","V4","W4","X3","Y4","Z4","AA4","AB4","AC4","AD3","AE3","AF4","AG4","AH3","AI4","AJ4"
"A4","B4","C4","D4","E4","F4","G3","H4","I3","J3","K4","L2","M3","N2","O4","P4","Q4","R3","S4","T4","U4","V3","W3","X2","Y2","Z4","AA4","AB2","AC3","AD4","AE4","AF4","AG4","AH4","AI4","AJ4"
"A3","B4","C4","D2","E3","F3","G4","H3","I3","J4","K3","L4","M4","N4","O4","P4","Q4","R3","S4","T3","U4","V3","W2","X2","Y4","Z4","AA4","AB3","AC4","AD4","AE1","AF4","AG4","AH4","AI4","AJ3"
"A4","B4","C3","D2","E4","F3","G4","H4","I4","J3","K3","L4","M3","N4","O2","P4","Q4","R2","S4","T4","U4","V3","W4","X3","Y4","Z3","AA4","AB3","AC2","AD4","AE4","AF4","AG4","AH3","AI4","AJ3"
"A2","B3","C3","D3","E2","F2","G4","H3","I4","J4","K4","L4","M3","N3","O3","P4","Q4","R3","S3","T4","U4","V4","W4","X3","Y4","Z3","AA4","AB4","AC3","AD3","AE3","AF4","AG3","AH3","AI3","AJ3"
"A3","B3","C4","D3","E3","F4","G2","H3","I4","J3","K4","L2","M3","N3","O3","P4","Q4","R4","S4","T3","U4","V3","W4","X3","Y3","Z4","AA4","AB4","AC3","AD4","AE3","AF4","AG4","AH4","AI4","AJ4"
"A3","B3","C4","D4","E3","F4","G3","H4","I3","J4","K3","L3","M3","N4","O3","P4","Q3","R3","S3","T4","U4","V3","W4","X3","Y4","Z3","AA4","AB3","AC3","AD2","AE3","AF2","AG3","AH4","AI3","AJ3"
"A3","B3","C4","D3","E2","F2","G4","H4","I4","J4","K4","L4","M2","N2","O2","P4","Q4","R3","S4","T4","U4","V2","W4","X4","Y3","Z4","AA4","AB3","AC3","AD3","AE2","AF3","AG4","AH4","AI4","AJ3"
"A3","B3","C4","D4","E3","F4","G3","H2","I4","J3","K3","L3","M3","N3","O3","P4","Q3","R3","S4","T4","U4","V3","W4","X2","Y3","Z4","AA4","AB3","AC4","AD2","AE4","AF4","AG4","AH4","AI4","AJ4"
"A3","B4","C3","D3","E4","F4","G3","H3","I2","J4","K4","L4","M3","N3","O4","P4","Q4","R3","S4","T4","U4","V4","W3","X3","Y3","Z3","AA4","AB4","AC3","AD4","AE3","AF2","AG4","AH3","AI3","AJ3"
"A3","B2","C4","D3","E4","F4","G4","H3","I4","J4","K4","L3","M2","N3","O3","P4","Q4","R3","S3","T4","U4","V4","W4","X4","Y2","Z3","AA3","AB3","AC3","AD4","AE3","AF2","AG3","AH4","AI3","AJ4"
"A3","B3","C4","D3","E3","F4","G2","H3","I3","J4","K3","L3","M2","N3","O3","P4","Q4","R3","S4","T4","U4","V4","W4","X2","Y2","Z4","AA4","AB3","AC3","AD3","AE1","AF4","AG4","AH4","AI3","AJ4"
"A4","B4","C4","D3","E4","F4","G3","H3","I2","J4","K4","L4","M4","N4","O3","P4","Q4","R3","S4","T4","U4","V2","W3","X1","Y3","Z4","AA4","AB2","AC2","AD3","AE2","AF3","AG4","AH4","AI3","AJ4"
"A3","B4","C2","D3","E2","F2","G3","H3","I3","J4","K4","L3","M3","N3","O2","P4","Q4","R3","S4","T3","U4","V3","W4","X3","Y4","Z4","AA4","AB4","AC3","AD3","AE2","AF4","AG4","AH4","AI4","AJ3"
"A3","B3","C3","D3","E3","F2","G4","H4","I3","J4","K4","L4","M2","N3","O3","P4","Q4","R2","S4","T3","U4","V4","W3","X3","Y4","Z4","AA4","AB3","AC4","AD4","AE2","AF3","AG4","AH2","AI4","AJ4"
"A4","B4","C4","D3","E3","F4","G3","H3","I4","J4","K4","L4","M3","N2","O4","P4","Q4","R3","S3","T4","U4","V3","W3","X3","Y4","Z3","AA4","AB2","AC2","AD3","AE1","AF3","AG3","AH4","AI4","AJ3"
"A3","B4","C2","D2","E2","F2","G2","H3","I2","J3","K4","L2","M4","N4","O2","P4","Q4","R3","S3","T3","U3","V4","W4","X4","Y2","Z4","AA4","AB4","AC2","AD3","AE4","AF4","AG4","AH3","AI4","AJ4"
"A4","B4","C4","D3","E3","F3","G3","H3","I4","J4","K4","L2","M4","N4","O3","P4","Q3","R2","S4","T4","U4","V3","W3","X2","Y4","Z4","AA4","AB2","AC1","AD4","AE4","AF2","AG4","AH1","AI3","AJ3"
"A4","B4","C4","D4","E3","F3","G3","H3","I3","J4","K4","L4","M3","N3","O3","P4","Q4","R3","S3","T3","U4","V3","W3","X3","Y2","Z3","AA4","AB3","AC2","AD3","AE1","AF4","AG2","AH3","AI4","AJ3"
"A3","B2","C2","D3","E2","F2","G4","H4","I4","J4","K3","L4","M3","N2","O2","P4","Q3","R2","S3","T2","U4","V3","W3","X1","Y3","Z3","AA4","AB4","AC2","AD2","AE4","AF3","AG3","AH3","AI4","AJ3"
"A3","B3","C3","D3","E3","F3","G2","H4","I4","J4","K3","L3","M3","N3","O4","P4","Q3","R3","S3","T4","U4","V2","W3","X2","Y3","Z4","AA3","AB3","AC2","AD4","AE4","AF3","AG2","AH3","AI3","AJ3"
"A3","B4","C4","D3","E3","F4","G3","H3","I3","J4","K4","L3","M2","N3","O4","P4","Q4","R3","S4","T4","U4","V2","W3","X1","Y4","Z3","AA4","AB2","AC2","AD3","AE4","AF4","AG4","AH4","AI4","AJ2"
"A3","B4","C3","D2","E2","F2","G2","H3","I3","J3","K3","L2","M3","N2","O3","P2","Q4","R4","S4","T3","U4","V4","W4","X4","Y4","Z3","AA4","AB4","AC3","AD4","AE4","AF4","AG4","AH1","AI4","AJ1"
"A4","B3","C1","D1","E2","F2","G3","H3","I2","J2","K3","L3","M2","N2","O2","P4","Q4","R2","S3","T3","U3","V4","W4","X3","Y3","Z4","AA4","AB3","AC2","AD4","AE3","AF4","AG4","AH3","AI3","AJ3"
"A3","B4","C4","D3","E2","F3","G2","H3","I3","J4","K4","L2","M3","N3","O3","P4","Q4","R2","S3","T3","U2","V4","W3","X2","Y3","Z4","AA4","AB2","AC2","AD2","AE1","AF3","AG3","AH3","AI2","AJ3"
"A3","B4","C3","D2","E2","F2","G2","H2","I2","J4","K3","L3","M4","N2","O3","P4","Q4","R4","S4","T3","U2","V3","W4","X2","Y2","Z4","AA4","AB4","AC4","AD2","AE2","AF2","AG3","AH2","AI2","AJ2"
"A3","B3","C3","D3","E2","F3","G3","H2","I2","J4","K4","L2","M3","N2","O3","P4","Q4","R3","S3","T4","U4","V3","W4","X3","Y3","Z4","AA3","AB2","AC2","AD3","AE3","AF2","AG3","AH4","AI4","AJ3"
"A4","B3","C3","D2","E3","F2","G3","H2","I3","J4","K4","L3","M3","N2","O4","P3","Q4","R3","S4","T4","U4","V2","W2","X2","Y2","Z4","AA4","AB2","AC2","AD3","AE4","AF3","AG3","AH4","AI2","AJ2"
"A3","B4","C4","D3","E3","F2","G2","H2","I1","J4","K2","L4","M2","N3","O3","P4","Q3","R3","S4","T2","U4","V2","W4","X3","Y2","Z4","AA4","AB3","AC3","AD4","AE2","AF2","AG3","AH4","AI3","AJ3"
"A4","B4","C4","D4","E4","F4","G4","H3","I3","J4","K4","L4","M3","N3","O4","P4","Q4","R3","S2","T4","U4","V2","W2","X1","Y2","Z4","AA4","AB2","AC1","AD3","AE4","AF2","AG2","AH2","AI4","AJ1"
"A4","B4","C3","D3","E3","F2","G2","H3","I3","J4","K3","L4","M2","N2","O3","P4","Q4","R3","S2","T4","U3","V2","W2","X3","Y3","Z4","AA3","AB3","AC1","AD3","AE2","AF2","AG2","AH3","AI2","AJ2"
"A4","B4","C4","D2","E2","F2","G3","H3","I2","J4","K3","L3","M2","N2","O3","P4","Q3","R2","S3","T4","U4","V2","W3","X3","Y2","Z3","AA3","AB2","AC1","AD3","AE4","AF2","AG3","AH2","AI4","AJ3"
"A4","B3","C2","D2","E2","F2","G2","H3","I1","J3","K4","L2","M1","N2","O1","P4","Q4","R2","S4","T4","U4","V2","W3","X2","Y3","Z3","AA4","AB3","AC2","AD3","AE4","AF3","AG4","AH4","AI3","AJ3"
"A4","B4","C2","D4","E3","F4","G2","H2","I2","J4","K4","L3","M1","N2","O3","P4","Q3","R2","S4","T4","U4","V2","W2","X2","Y3","Z4","AA4","AB2","AC1","AD3","AE2","AF3","AG3","AH3","AI3","AJ4"
"A3","B2","C4","D4","E3","F3","G3","H2","I1","J3","K4","L4","M2","N1","O4","P4","Q4","R2","S3","T4","U4","V2","W2","X1","Y2","Z3","AA4","AB2","AC2","AD2","AE2","AF2","AG3","AH4","AI3","AJ2"
"A2","B3","C2","D2","E2","F2","G4","H2","I2","J4","K4","L3","M2","N1","O3","P4","Q3","R3","S4","T3","U3","V2","W3","X2","Y2","Z4","AA4","AB1","AC2","AD3","AE4","AF3","AG3","AH3","AI4","AJ2"
"A3","B2","C3","D2","E2","F2","G2","H2","I2","J3","K4","L2","M2","N2","O4","P4","Q4","R3","S3","T3","U3","V3","W3","X1","Y2","Z3","AA4","AB3","AC2","AD2","AE2","AF2","AG3","AH2","AI4","AJ2"
"A3","B4","C2","D2","E1","F3","G2","H1","I1","J4","K4","L3","M2","N3","O2","P4","Q4","R2","S4","T4","U4","V2","W2","X2","Y2","Z3","AA4","AB2","AC1","AD2","AE1","AF3","AG3","AH3","AI3","AJ3"
"A3","B4","C3","D2","E2","F2","G1","H2","I2","J4","K4","L2","M1","N3","O3","P4","Q3","R2","S2","T3","U3","V3","W4","X3","Y2","Z4","AA3","AB2","AC1","AD2","AE2","AF2","AG3","AH3","AI2","AJ3"
"A3","B3","C2","D3","E2","F2","G3","H3","I1","J4","K3","L2","M2","N1","O2","P4","Q4","R2","S2","T3","U4","V2","W2","X2","Y1","Z4","AA3","AB2","AC2","AD2","AE2","AF3","AG3","AH3","AI4","AJ3"
"A3","B3","C3","D2","E2","F2","G2","H1","I2","J3","K4","L2","M2","N2","O2","P4","Q4","R2","S3","T3","U3","V2","W2","X2","Y3","Z3","AA4","AB1","AC2","AD2","AE3","AF2","AG2","AH3","AI2","AJ2"
"A3","B4","C3","D3","E3","F2","G2","H2","I1","J4","K3","L1","M1","N1","O3","P4","Q4","R2","S3","T4","U4","V1","W3","X2","Y1","Z4","AA3","AB1","AC3","AD2","AE4","AF2","AG2","AH2","AI3","AJ3"
"A2","B3","C2","D3","E2","F3","G2","H3","I1","J4","K3","L1","M1","N1","O2","P4","Q3","R1","S3","T3","U4","V2","W2","X2","Y3","Z3","AA4","AB1","AC1","AD2","AE3","AF2","AG3","AH4","AI3","AJ2"
"A3","B4","C2","D1","E1","F2","G2","H1","I2","J4","K4","L1","M1","N1","O2","P4","Q3","R2","S3","T3","U4","V1","W2","X1","Y1","Z3","AA4","AB1","AC3","AD2","AE2","AF2","AG3","AH3","AI3","AJ4"
"A2","B2","C3","D2","E3","F2","G2","H2","I1","J2","K3","L2","M1","N1","O2","P4","Q4","R1","S3","T3","U4","V1","W2","X1","Y3","Z4","AA4","AB1","AC1","AD2","AE3","AF2","AG3","AH3","AI2","AJ3"
"A2","B2","C4","D2","E2","F2","G1","H1","I1","J4","K3","L3","M2","N3","O2","P4","Q4","R2","S2","T3","U2","V1","W3","X1","Y1","Z4","AA1","AB2","AC2","AD1","AE1","AF1","AG1","AH3","AI1","AJ1"
"A2","B2","C2","D1","E1","F1","G2","H1","I1","J3","K3","L2","M1","N2","O2","P4","Q4","R1","S2","T1","U1","V1","W1","X1","Y1","Z1","AA3","AB1","AC1","AD1","AE1","AF1","AG1","AH1","AI1","AJ1"
